{"centralized_evaluate": [{"round": 0, "centralized_loss": 0.16715821029428907}, {"round": 1, "centralized_loss": 0.0488627184520525}]}