{"centralized_evaluate": [{"round": 0, "centralized_loss": [0.19694079149774874, {}], "reconstruction_loss": [0.19694079149774874, {}]}]}