{"Protocol":6,"SrcAddress":"131.202.240.87","SrcPort":26908,"DstAddress":"173.252.100.27","DstPort":443,"BytesOut":61769,"PacketsOut":127,"BytesIn":50755,"PacketsIn":142,"Start":1428954876.560664,"Duration":29.61161708831787,"TlsClientVersion":5,"TlsServerVersion":5,"ServerName":null,"TlsClientCipherSuites":null,"TlsClientExtensions":null,"TlsServerCipherSuite":null,"TlsServerExtensions":null,"RecordSequence":[-1122,40,-1073,-118,1535,94,67,42,-1145,-1050,-357,40,1104,-1237,1524,95,141,42,40,888,-1237,40,652,-1237,40,638,-1237,40,636,-1237,40,1093,-1148,-281,-1149,-253,-1237,40,40,-1121,-710,40,1454,42,1046,40,-1239,1535,94,67,42,40,1524,70,42,743,-1240,40,762,-1240,40,-1137,-295,40,-1146,-1049,-363,-1137,-295,1437,42,40,40,1109,-1240,1437,42,1524,95,-1240,-1240,-1240,-1240,-1149,-281,-1150,-253,-1240,-1240,-1240,-1240,-1122,-710,-1137,-295,-1146,-1049,-365,-1137,-295],"ProcessName":null,"ProcessId":null,"Label":null,"Sample":"facebookchat1"}
{"Protocol":6,"SrcAddress":"173.252.100.27","SrcPort":443,"DstAddress":"131.202.240.87","DstPort":26957,"BytesOut":56654,"PacketsOut":148,"BytesIn":33364,"PacketsIn":128,"Start":1428954878.45492,"Duration":30.358312845230103,"TlsClientVersion":5,"TlsServerVersion":5,"ServerName":null,"TlsClientCipherSuites":null,"TlsClientExtensions":null,"TlsServerCipherSuite":null,"TlsServerExtensions":null,"RecordSequence":[-1094,487,288,424,-40,-40,-1022,588,-1613,-130,-42,-40,534,261,481,1117,-40,-40,-1814,-115,-42,-1613,-248,-42,-741,424,-40,-761,599,-40,505,-40,303,-1489,-42,275,1385,266,303,-40,-40,-1103,424,-1489,-42,-1524,-95,-192,-42,-40,-887,579,-40,-654,582,-40,-639,582,-40,-638,580,-40,-1101,517,289,-40,426,-40,-1054,582,-40,-1506,-42,535,261,-40,480,719,-40,425,597,505,303,275,1385,266,303,424,580,577,577,534,434,426,517,289,425,580,535,261],"ProcessName":null,"ProcessId":null,"Label":null,"Sample":"facebookchat1"}
{"Protocol":6,"SrcAddress":"173.252.100.27","SrcPort":443,"DstAddress":"131.202.240.87","DstPort":26908,"BytesOut":35227,"PacketsOut":95,"BytesIn":41259,"PacketsIn":90,"Start":1428954908.156967,"Duration":26.720097064971924,"TlsClientVersion":5,"TlsServerVersion":5,"ServerName":null,"TlsClientCipherSuites":null,"TlsClientExtensions":null,"TlsServerCipherSuite":null,"TlsServerExtensions":null,"RecordSequence":[-638,1240,-40,-652,1240,-40,-639,1240,-40,-1408,1149,282,1150,254,-40,1240,-40,-40,-1454,-42,-1524,-70,-42,-742,1240,-40,-761,1240,-40,-639,1240,-40,1169,323,-1099,1149,282,1150,254,-40,-1524,1240,-95,-74,-42,-40,-40,-40,-1045,1240,-40,-1454,-42,-1524,-80,-742,1239,-40,-762,1240,-40,1122,947,-40,-1535,-94,-67,-42,1137,296,-40,-1437,-42,1146,1049,363,1137,296,-40,-40,1240,1240,1240,1240,1149,282,1150,254,1240,1240,1240,1240],"ProcessName":null,"ProcessId":null,"Label":null,"Sample":"facebookchat1"}
{"Protocol":6,"SrcAddress":"173.252.100.27","SrcPort":443,"DstAddress":"131.202.240.87","DstPort":26957,"BytesOut":33444,"PacketsOut":95,"BytesIn":19022,"PacketsIn":78,"Start":1428954908.870591,"Duration":25.99640202522278,"TlsClientVersion":5,"TlsServerVersion":5,"ServerName":null,"TlsClientCipherSuites":null,"TlsClientExtensions":null,"TlsServerCipherSuite":null,"TlsServerExtensions":null,"RecordSequence":[-40,-40,-1814,-115,-42,-1613,-248,-42,276,1391,-742,424,-40,-40,-1524,-95,-193,-42,-1389,598,-40,-653,580,-40,-639,580,-40,511,-40,720,-1601,-115,-42,265,303,-40,-1489,-42,275,1393,266,303,-40,-1105,421,-40,-1524,-95,-193,-42,-1489,-42,-40,-891,596,-40,-652,578,-40,-639,623,-40,-641,580,-40,-1098,517,289,-40,422,-40,-1506,577,534,261,621,579,514,1386,642,604,578,650],"ProcessName":null,"ProcessId":null,"Label":null,"Sample":"facebookchat1"}
