{"Protocol":6,"SrcAddress":"131.202.240.87","SrcPort":19524,"DstAddress":"173.252.110.27","DstPort":443,"BytesOut":12365,"PacketsOut":26,"BytesIn":9427,"PacketsIn":27,"Start":1429023527.520867,"Duration":6.482276916503906,"TlsClientVersion":5,"TlsServerVersion":5,"ServerName":null,"TlsClientCipherSuites":null,"TlsClientExtensions":null,"TlsServerCipherSuite":null,"TlsServerExtensions":null,"RecordSequence":[-1122,-943,40,1535,94,67,42,-1146,-1049,-422,-1137,-296,40,40,1142,1421,42,1524,79,140,42,-1238,40,942,-1238,40,648,-1238,40,637,-1238,40,637,-1238,40],"ProcessName":null,"ProcessId":null,"Label":null,"Sample":"facebookchat2"}
{"Protocol":6,"SrcAddress":"131.202.240.87","SrcPort":19570,"DstAddress":"74.125.226.164","DstPort":443,"BytesOut":4529,"PacketsOut":9,"BytesIn":4453,"PacketsIn":12,"Start":1429023529.763854,"Duration":0.1174008846282959,"TlsClientVersion":5,"TlsServerVersion":null,"ServerName":null,"TlsClientCipherSuites":null,"TlsClientExtensions":null,"TlsServerCipherSuite":null,"TlsServerExtensions":null,"RecordSequence":[111,33,2877,1450,33],"ProcessName":null,"ProcessId":null,"Label":null,"Sample":"facebookchat2"}
{"Protocol":6,"SrcAddress":"173.252.110.27","SrcPort":443,"DstAddress":"131.202.240.87","DstPort":19572,"BytesOut":17770,"PacketsOut":60,"BytesIn":10274,"PacketsIn":42,"Start":1429023529.548062,"Duration":25.69319486618042,"TlsClientVersion":5,"TlsServerVersion":5,"ServerName":null,"TlsClientCipherSuites":null,"TlsClientExtensions":null,"TlsServerCipherSuite":null,"TlsServerExtensions":null,"RecordSequence":[-1134,518,288,425,-40,-40,-1506,-42,-734,578,-40,-964,575,-40,-684,576,-40,532,260,480,1340,-40,-40,-1814,-115,-42,-1613,-248,-42,-742,467,-40,-760,622,-40,503,302,-40,-1524,-32,-42,637,-40,-1434,511,36,718,-40,-36,-1601,-115,-42,298,508,-40,-1524,-95,-128,-42],"ProcessName":null,"ProcessId":null,"Label":null,"Sample":"facebookchat2"}
{"Protocol":6,"SrcAddress":"131.202.240.87","SrcPort":19597,"DstAddress":"131.202.6.26","DstPort":13000,"BytesOut":8324,"PacketsOut":17,"BytesIn":5828,"PacketsIn":13,"Start":1429023566.412852,"Duration":0.11741185188293457,"TlsClientVersion":5,"TlsServerVersion":5,"ServerName":null,"TlsClientCipherSuites":["c030","c02c","c028","c024","c014","c00a","c022","c021","00a3","009f","006b","006a","0039","0038","0088","0087","c032","c02e","c02a","c026","c00f","c005","009d","003d","0035","0084","c012","c008","c01c","c01b","0016","0013","c00d","c003","000a","c02f","c02b","c027","c023","c013","c009","c01f","c01e","00a2","009e","0067","0040","0033","0032","009a","0099","0045","0044","c031","c02d","c029","c025","c00e","c004","009c","003c","002f","0096","0041","0007","c011","c007","c00c","c002","0005","0004","0015","0012","0009","0014","0011","0008","0006","0003","00ff"],"TlsClientExtensions":[{"ec_point_formats":"03000102"},{"supported_groups":"0032000e000d0019000b000c00180009000a00160017000800060007001400150004000500120013000100020003000f00100011"},{"session_ticket":"6dca70f1f6b8a816e5673d14931dbe9f2cf3e2e4e8d8bb60fd33a91d0ffa0b6e49a40d912d07afdf19abf68052c6a02c954a9b300ef415b73b7c3674f1b197bbeb703e17b150d4f156b0234fa1d19503171d45753b8bfeb3445c62da5fe6c1777c292cb5a07fd0d8979a4bb36e425a83c4e9d2b9404177cf9002079efc27be3b94468d4733c84e163942d71092704261a083ed53338326cf648c9c6c07856997"},{"signature_algorithms":"001e060106020603050105020503040104020403030103020303020102020203"}],"TlsServerCipherSuite":"009d","TlsServerExtensions":[{"renegotiation_info":"00"},{"session_ticket":""}],"RecordSequence":[-501,53,1721,4,-134,-1,-40,170,1,40,-3130,2695,-428,371,-297,298,-3753,425],"ProcessName":null,"ProcessId":null,"Label":null,"Sample":"facebookchat2"}
{"Protocol":6,"SrcAddress":"173.252.110.27","SrcPort":443,"DstAddress":"131.202.240.87","DstPort":19524,"BytesOut":9590,"PacketsOut":26,"BytesIn":11086,"PacketsIn":22,"Start":1429023629.306101,"Duration":5.311368942260742,"TlsClientVersion":5,"TlsServerVersion":5,"ServerName":null,"TlsClientCipherSuites":null,"TlsClientExtensions":null,"TlsServerCipherSuite":null,"TlsServerExtensions":null,"RecordSequence":[-1215,1149,282,1226,-40,-40,-1454,-42,-1184,1228,-40,1207,-40,-437,1151,-40,254,1123,929,-40,-1535,-94,-67,-42,-1524,-70,-42,-738,1241,-40,-761,1241],"ProcessName":null,"ProcessId":null,"Label":null,"Sample":"facebookchat2"}
