{"Protocol":6,"SrcAddress":"173.252.110.27","SrcPort":443,"DstAddress":"131.202.240.87","DstPort":1967,"BytesOut":18082,"PacketsOut":45,"BytesIn":10376,"PacketsIn":40,"Start":1429117980.743449,"Duration":7.340238094329834,"TlsClientVersion":null,"TlsServerVersion":5,"ServerName":null,"TlsClientCipherSuites":null,"TlsClientExtensions":null,"TlsServerCipherSuite":null,"TlsServerExtensions":null,"RecordSequence":[1286,40,40,40,1597,467,42,1613,130,42,1210,40,40,1613,248,42,738,40,763,40,40,1601,115,42,40,1106,1524,95,193,42,40,889,40,652,40,638,40,639,40],"ProcessName":null,"ProcessId":null,"Label":null,"Sample":"facebookchat3"}
{"Protocol":6,"SrcAddress":"173.252.110.27","SrcPort":443,"DstAddress":"131.202.240.87","DstPort":1959,"BytesOut":26088,"PacketsOut":71,"BytesIn":32937,"PacketsIn":66,"Start":1429117978.558744,"Duration":25.19930410385132,"TlsClientVersion":5,"TlsServerVersion":5,"ServerName":null,"TlsClientCipherSuites":null,"TlsClientExtensions":null,"TlsServerCipherSuite":null,"TlsServerExtensions":null,"RecordSequence":[-476,1237,-40,1123,1072,140,-40,-1535,-94,-67,-42,1146,1049,739,-40,-1296,1239,-1524,-95,-140,-42,-40,-1078,1240,-40,-652,1240,-40,-638,1240,-40,-1095,1150,284,1151,256,-40,-40,1240,-40,-1023,1240,-40,-1454,-42,-1524,-70,-42,1123,713,-40,-1535,-94,-67,-42,-740,1240,-40,-761,1240,-40,1138,298,-40,-1437,-42,1147,1048,403,1138,298,-40,-40,-1135,-1437,-42,1240,-1524,-95,1240,1240,1240,1240],"ProcessName":null,"ProcessId":null,"Label":null,"Sample":"facebookchat3"}
{"Protocol":6,"SrcAddress":"173.252.110.27","SrcPort":443,"DstAddress":"131.202.240.87","DstPort":1967,"BytesOut":10928,"PacketsOut":29,"BytesIn":6279,"PacketsIn":24,"Start":1429117999.029641,"Duration":4.644225120544434,"TlsClientVersion":5,"TlsServerVersion":5,"ServerName":null,"TlsClientCipherSuites":null,"TlsClientExtensions":null,"TlsServerCipherSuite":null,"TlsServerExtensions":null,"RecordSequence":[-639,582,-40,-1436,516,-40,292,427,-40,-1506,-42,534,264,482,1241,-40,-40,-1814,-115,-42,-1613,-258,-746,426,-40,-761,601,-40,503,-40,306,-1489,-42,40],"ProcessName":null,"ProcessId":null,"Label":null,"Sample":"facebookchat3"}
{"Protocol":6,"SrcAddress":"131.202.240.87","SrcPort":1967,"DstAddress":"173.252.110.27","DstPort":443,"BytesOut":27050,"PacketsOut":101,"BytesIn":42577,"PacketsIn":117,"Start":1429118014.915914,"Duration":34.739672899246216,"TlsClientVersion":5,"TlsServerVersion":5,"ServerName":null,"TlsClientCipherSuites":null,"TlsClientExtensions":null,"TlsServerCipherSuite":null,"TlsServerExtensions":null,"RecordSequence":[-275,-36,-1413,-266,-306,40,36,1117,40,-420,1524,95,192,42,1489,42,40,905,-576,40,651,-580,40,638,-579,40,640,-577,40,1109,-515,40,-292,-425,40,1068,-578,1506,42,40,-552,-264,-479,-723,40,40,1814,115,42,1613,248,42,743,-426,40,763,-600,40,-504,40,-306,1499,-275,-1403,-266,-306,40,1113,40,-426,1524,95,193,42,1489,42,40,-581,-574,-577,-504,-306,-264,-306,-300,-1526,-427,-517,-292,-423,-582,-534,-264,-480,-722,-514,-668,-504,-306,-275],"ProcessName":null,"ProcessId":null,"Label":null,"Sample":"facebookchat3"}
{"Protocol":6,"SrcAddress":"173.252.110.27","SrcPort":443,"DstAddress":"131.202.240.87","DstPort":1959,"BytesOut":39122,"PacketsOut":110,"BytesIn":47038,"PacketsIn":104,"Start":1429118015.27243,"Duration":29.60914897918701,"TlsClientVersion":5,"TlsServerVersion":5,"ServerName":null,"TlsClientCipherSuites":null,"TlsClientExtensions":null,"TlsServerCipherSuite":null,"TlsServerExtensions":null,"RecordSequence":[-638,1241,-40,-1420,1150,284,1151,256,1241,-40,-40,-40,-1464,-1524,-70,-42,1124,948,-40,-1535,-94,-67,-42,-745,1241,-40,-762,1241,-40,1139,298,-40,-1437,-42,1148,1047,384,1139,298,-40,-40,-1119,-1437,-42,1241,-1524,-95,-151,-40,-903,1241,-40,-651,1241,-40,-637,1241,-40,-638,1241,-40,-1103,1151,284,1152,256,1241,-40,-40,-40,-1056,1241,-1454,-42,-40,-1524,-70,-42,1241,1242,1241,1241,1124,714,1139,298,1148,1047,365,1139,298,1241,1241,1171,325,1241,1241,1241],"ProcessName":null,"ProcessId":null,"Label":null,"Sample":"facebookchat3"}
{"Protocol":6,"SrcAddress":"173.252.110.27","SrcPort":443,"DstAddress":"131.202.240.87","DstPort":1959,"BytesOut":11821,"PacketsOut":33,"BytesIn":13635,"PacketsIn":32,"Start":1429118049.706148,"Duration":7.863522052764893,"TlsClientVersion":5,"TlsServerVersion":5,"ServerName":null,"TlsClientCipherSuites":null,"TlsClientExtensions":null,"TlsServerCipherSuite":null,"TlsServerExtensions":null,"RecordSequence":[-1099,1151,284,1152,256,-40,-40,1241,-40,-1054,1241,-40,-1454,-42,-1524,-70,-42,-745,1242,-40,-762,1241,-40,-639,1241,-40,-638,1241,-40,1124,714,-40,-1535,-94,-67,-42,1139,298,-40,-1437,-42],"ProcessName":null,"ProcessId":null,"Label":null,"Sample":"facebookchat3"}
{"Protocol":6,"SrcAddress":"173.252.110.27","SrcPort":443,"DstAddress":"131.202.240.87","DstPort":1967,"BytesOut":10811,"PacketsOut":28,"BytesIn":4028,"PacketsIn":22,"Start":1429118049.70441,"Duration":8.022352933883667,"TlsClientVersion":null,"TlsServerVersion":5,"ServerName":null,"TlsClientCipherSuites":null,"TlsClientExtensions":null,"TlsServerCipherSuite":null,"TlsServerExtensions":null,"RecordSequence":[1108,40,1524,95,192,42,1489,42,40,894,40,651,40,638,40,40,1489,42,40,1489,42,639,40],"ProcessName":null,"ProcessId":null,"Label":null,"Sample":"facebookchat3"}
{"Protocol":6,"SrcAddress":"131.202.240.87","SrcPort":1959,"DstAddress":"173.252.110.27","DstPort":443,"BytesOut":10344,"PacketsOut":20,"BytesIn":7739,"PacketsIn":21,"Start":1429118092.592547,"Duration":5.545334100723267,"TlsClientVersion":5,"TlsServerVersion":5,"ServerName":null,"TlsClientCipherSuites":null,"TlsClientExtensions":null,"TlsServerCipherSuite":null,"TlsServerExtensions":null,"RecordSequence":[-1148,-1047,-459,-1139,-298,40,40,1437,42,1220,1524,95,140,42,-1241,40,944,-1240,40,650,-1241,40,638,-1241,40,637,-1240,40],"ProcessName":null,"ProcessId":null,"Label":null,"Sample":"facebookchat3"}
{"Protocol":6,"SrcAddress":"173.252.110.27","SrcPort":443,"DstAddress":"131.202.240.87","DstPort":1967,"BytesOut":12511,"PacketsOut":33,"BytesIn":6565,"PacketsIn":27,"Start":1429118092.864413,"Duration":9.501115083694458,"TlsClientVersion":5,"TlsServerVersion":5,"ServerName":null,"TlsClientCipherSuites":null,"TlsClientExtensions":null,"TlsServerCipherSuite":null,"TlsServerExtensions":null,"RecordSequence":[-637,578,-40,-1495,516,292,-40,423,-40,-1506,-42,535,264,480,959,-40,-40,-1814,-115,-42,-1613,-248,-42,-742,423,-40,-761,599,-40,504,-40,306,-1489,-42,621,-40,-1443],"ProcessName":null,"ProcessId":null,"Label":null,"Sample":"facebookchat3"}
{"Protocol":6,"SrcAddress":"131.202.240.87","SrcPort":3248,"DstAddress":"209.148.205.35","DstPort":443,"BytesOut":661,"PacketsOut":7,"BytesIn":219,"PacketsIn":6,"Start":1429118127.120245,"Duration":0.25821995735168457,"TlsClientVersion":5,"TlsServerVersion":5,"ServerName":["fbstatic-a.akamaihd.net"],"TlsClientCipherSuites":["c02b","c02f","c00a","c009","c013","c014","c012","c007","c011","0033","0032","0045","0039","0038","0088","0016","002f","0041","0035","0084","000a","0005","0004"],"TlsClientExtensions":[{"server_name":"001a00001766627374617469632d612e616b616d616968642e6e6574"},{"renegotiation_info":"00"},{"supported_groups":"0006001700180019"},{"ec_point_formats":"0100"},{"session_ticket":"8d76e7c9ae66452a3f7646f02473bee35d9c791d2e54482d356bd3d159b132a037adbf2a4b04d2c55dc77f58dad8aa95652868658031163de8e6200fc4c41b5abf5460708307c626c747cfe84173d347c098cc39d0627c15951a042311223e97c83e2531b3ab15e3d1c7a8547e78cd5828527e006197970a950828d445319ce486decd55e441aaa6c994dbbe16718844da0b6068506fd515b87c64d97e025fca29b75ad82c5aac88a170566fab82aebc"},{"kind":13172,"data":""},{"status_request":"0100000000"},{"signature_algorithms":"001004010501020104030503020304020202"},{"padding":"00000000000000000000000000000000000000000000000000000000000000000000000000000000000000000000000000000000000000000000000000000000000000000000000000000000000000000000000000000000000000000000000000000000000000000000000000000000000000"}],"TlsServerCipherSuite":"0005",